day,date,topic,doNow,doNowEs,doNowWhere,doNowWhereEs,doNowMins,learningTarget,learningTargetEs,clo,cloEs,standards,activity,activityEs,materials,materialsEs,criteriaMet,criteriaMetEs,criteriaApproaching,criteriaApproachingEs,criteriaNotYet,criteriaNotYetEs,wordBank,wordBankEs,grammar,grammarEs,grammarAnswer,exitQuestion,exitQuestionEs,slidesUrl,lessonPlanUrl,videoUrl,agenda
1,2026-09-28,Unit launch,Think of one person who changed something about you. Write their name. Then write one thing they did or said.,Piensa en una persona que cambió algo en ti. Escribe su nombre. Luego escribe algo que hizo o dijo.,notebook or any paper,cuaderno o cualquier papel,5,I can use 3 unit words to describe someone who shaped me.,Puedo usar 3 palabras de la unidad para describir a alguien que me formó.,"I will explain how someone changed me by using the unit words bond, influence, and mentor in the frame ""___ is my mentor because ___.""","Voy a explicar cómo alguien me cambió usando las palabras de la unidad bond (vínculo), influence (influencia) y mentor en la frase ""___ es mi mentor porque ___.""","RL.6.10, W.6.1",Write 3 sentences about the person from your Do Now. Use a different unit word in each one.,Escribe 3 oraciones sobre la persona de tu Para empezar. Usa una palabra diferente de la unidad en cada una.,"Notebook or any paper, Pencil, Chromebook for Google Classroom","Cuaderno o cualquier papel, Lápiz, Chromebook para Google Classroom","What a finished, correct answer looks like",Cómo se ve una respuesta completa y correcta,Part of the task done correctly,Una parte de la tarea hecha correctamente,"Not started, one piece only, or copied","Sin empezar, solo una parte, o copiado","bond, influence, mentor, legacy, empathy","vínculo, influencia, mentor, legado, empatía",,,,Open today's exit ticket in Google Classroom. Two word questions and How well do I understand today?,Abre el boleto de salida de hoy en Google Classroom. Dos preguntas de palabras y ¿qué tan bien entiendo lo de hoy?,https://docs.google.com/presentation/d/15oLU9uRMs6bLMacfp-EF3Be52WxPNzb2tSp7WE2GNX0/edit,https://docs.google.com/document/d/1QMPo3ZBESbhMlruNYw1sKrR0xXFJXJOqR6Eqy7f0xPM/edit,,
2,2026-09-29,Poetry as a genre,Go to Google Classroom. Log in to Quill using Clever. Begin the Baseline Pre Diagnostic. You do not have to finish it today.,Ve a Google Classroom. Inicia sesión en Quill con Clever. Empieza el Baseline Pre Diagnostic. No tienes que terminarlo hoy.,Chromebook,Chromebook,5,"I can find a line, a stanza, and a poetic device, and I can state my claim.","Puedo encontrar un verso, una estrofa y un recurso poético, y puedo decir mi afirmación.","I will examine a poem by labeling its lines, stanzas, and speaker in the frame ""The poem has ___ stanzas. The speaker is ___.""","Voy a examinar un poema marcando sus versos, estrofas y hablante en la frase ""El poema tiene ___ estrofas. El hablante es ___.""","RL.6.10, W.6.1","Label the poem ""Coach"": lines, stanzas, speaker, one poetic device, and the legacy Coach left. Then meet our unit essay.","Marca en el poema ""Coach"" los versos, las estrofas, el hablante, un recurso poético y el legado que dejó Coach. Luego conoce el ensayo de la unidad.","Notebook or any paper, Pencil, Chromebook for Google Classroom","Cuaderno o cualquier papel, Lápiz, Chromebook para Google Classroom","What a finished, correct answer looks like",Cómo se ve una respuesta completa y correcta,Part of the task done correctly,Una parte de la tarea hecha correctamente,"Not started, one piece only, or copied","Sin empezar, solo una parte, o copiado","line, stanza, speaker, poetic device","verso, estrofa, hablante, recurso poético",,,,Open today's exit ticket in Google Classroom. What is a stanza? What legacy did Coach leave?,Abre el boleto de salida de hoy en Google Classroom. ¿Qué es una estrofa? ¿Qué legado dejó Coach?,https://docs.google.com/presentation/d/1DYqsvUx1MX2hozAuPZv7LXJgwpLHMa9BlKucXqgf-Qg/edit,https://docs.google.com/document/d/1Twpg77DTq5d7t_B2g88Qludm2P4cVKCJsOR8k9JZ5Y0/edit,,
3,2026-09-30,"Walk Two Moons, First Read",Maya slammed her locker and walked past her best friend without a word. How does Maya feel? Does the sentence SAY it or SHOW it?,Maya cerró su casillero de golpe y pasó junto a su mejor amiga sin decir nada. ¿Cómo se siente Maya? ¿La oración lo DICE o lo MUESTRA?,notebook or any paper,cuaderno o cualquier papel,5,"I can find a line that shows a feeling, and explain it.",Puedo encontrar una oración que muestra un sentimiento y explicarla.,"I will infer how a character feels by quoting one line in the frame ""___ feels ___ because the text says '___' (paragraph ___).""","Voy a inferir cómo se siente un personaje citando una oración en la frase ""___ se siente ___ porque el texto dice '___' (párrafo ___).""","RL.6.1, RL.6.10","First Read of Walk Two Moons in StudySync. Stop after paragraphs 3, 16, 25, and 36 and write one question each time.","Primera lectura de Walk Two Moons en StudySync. Para después de los párrafos 3, 16, 25 y 36 y escribe una pregunta cada vez.","Notebook or any paper, Pencil, Chromebook for Google Classroom","Cuaderno o cualquier papel, Lápiz, Chromebook para Google Classroom","What a finished, correct answer looks like",Cómo se ve una respuesta completa y correcta,Part of the task done correctly,Una parte de la tarea hecha correctamente,"Not started, one piece only, or copied","Sin empezar, solo una parte, o copiado","explicit, implicit, infer, crotchety, sullen, agenda, assure","explícito, implícito, inferir, malhumorado, huraño, agenda, asegurar",,,,Open today's exit ticket in Google Classroom. Is Mrs. Winterbottom's feeling in paragraph 10 explicit or implicit?,Abre el boleto de salida de hoy en Google Classroom. ¿El sentimiento de la Sra. Winterbottom en el párrafo 10 es explícito o implícito?,https://docs.google.com/presentation/d/1uPoBefDlqTNuawTbxi-oTi1pItrYGUB3LLnUjqXpR2Y/edit,https://docs.google.com/document/d/1JxPmxOD54xgIGjM8onABz5OO2ziLbJkwpWQ8KhPRD00/edit,,
4,2026-10-01,"Walk Two Moons, tone","""Oh sweetie,"" she whispered, hugging him. ""Oh sweetie,"" she sighed, rolling her eyes. What is the tone of each one? Which words changed it?","""Ay, cariño"", susurró ella mientras lo abrazaba. ""Ay, cariño"", suspiró ella y puso los ojos en blanco. ¿Cuál es el tono de cada una? ¿Qué palabras lo cambiaron?",notebook or any paper,cuaderno o cualquier papel,5,I can name the tone of a line and point to the words that create it.,Puedo nombrar el tono de una oración y señalar las palabras que lo crean.,"I will compare two lines to find the tone of each by using the frame ""The word ___ makes the tone ___.""","Voy a comparar dos oraciones para encontrar el tono de cada una usando la frase ""La palabra ___ hace que el tono sea ___.""","RL.6.4, RL.6.9","Match three lines from Walk Two Moons (paragraphs 15, 22, 31) to a tone. Name the words that create it. Who is oblivious?","Empareja tres oraciones de Walk Two Moons (párrafos 15, 22 y 31) con un tono. Nombra las palabras que lo crean. ¿Quién no se da cuenta?","Notebook or any paper, Pencil, Chromebook for Google Classroom","Cuaderno o cualquier papel, Lápiz, Chromebook para Google Classroom","What a finished, correct answer looks like",Cómo se ve una respuesta completa y correcta,Part of the task done correctly,Una parte de la tarea hecha correctamente,"Not started, one piece only, or copied","Sin empezar, solo una parte, o copiado","tone, perspective, oblivious, overshadow","tono, perspectiva, sin darse cuenta, eclipsar",,,,Open today's exit ticket in Google Classroom. What does oblivious mean? Which line shows the daughters are oblivious?,Abre el boleto de salida de hoy en Google Classroom. ¿Qué significa oblivious? ¿Qué oración muestra que las hijas no se dan cuenta?,https://docs.google.com/presentation/d/1-awCp_f4Y3f9zQ3NtbiUK6sOAgVk8J566sXRFc11hjk/edit,https://docs.google.com/document/d/1w2smyjJ62URIvSwpgYaX5tkx14FbTkMvG5eJ2v7EPGI/edit,,
5,2026-10-02,"Walk Two Moons, Close Read","Claim: Mrs. Winterbottom is sad. Which line proves it best? Pick one, then write why the others are weaker.",Afirmación: La Sra. Winterbottom está triste. ¿Qué oración lo prueba mejor? Escoge una y luego escribe por qué las otras son más débiles.,notebook or any paper,cuaderno o cualquier papel,5,"I can quote a line, explain it, and use it in a claim.","Puedo citar una oración, explicarla y usarla en una afirmación.","I will choose the line that best proves what Sal notices and support it with the frame ""This line proves ___ because ___.""","Voy a escoger la oración que mejor prueba lo que nota Sal y apoyarla con la frase ""Esta oración prueba ___ porque ___.""","RL.6.1, RL.6.3","Close Read write: retell the kitchen scene as Phoebe, Prudence, or Mrs. Winterbottom. Start: My name is ___. When I ___, I felt ___.","Escritura de lectura atenta: vuelve a contar la escena de la cocina como Phoebe, Prudence o la Sra. Winterbottom. Empieza así: Me llamo ___. Cuando ___, me sentí ___.","Notebook or any paper, Pencil, Chromebook for Google Classroom","Cuaderno o cualquier papel, Lápiz, Chromebook para Google Classroom","What a finished, correct answer looks like",Cómo se ve una respuesta completa y correcta,Part of the task done correctly,Una parte de la tarea hecha correctamente,"Not started, one piece only, or copied","Sin empezar, solo una parte, o copiado","cite, textual evidence, analyze, insight","citar, evidencia textual, analizar, comprensión",,,,"Open the Friday check in Google Classroom. Copy the line that best shows what Sal notices about Mrs. Winterbottom, then explain it.",Abre la revisión del viernes en Google Classroom. Copia la oración que mejor muestra lo que nota Sal sobre la Sra. Winterbottom y luego explícala.,https://docs.google.com/presentation/d/1SSLcU558jUq7NkVMXXTbFuHfEksC7ou0lbdq0HqsctI/edit,https://docs.google.com/document/d/1VK5C9-pQchN3v8NPxoGKqOTdJDxzVcRMSvB2EwiXsOQ/edit,,
6,2026-10-05,"Roll of Thunder, First Read",,,notebook or any paper,cuaderno o cualquier papel,5,,,,,"RL.6.2, RL.6.1","Roll of Thunder, Hear My Cry, First Read.","Roll of Thunder, Hear My Cry, primera lectura.","Notebook or any paper, Pencil, Chromebook for Google Classroom","Cuaderno o cualquier papel, Lápiz, Chromebook para Google Classroom","What a finished, correct answer looks like",Cómo se ve una respuesta completa y correcta,Part of the task done correctly,Una parte de la tarea hecha correctamente,"Not started, one piece only, or copied","Sin empezar, solo una parte, o copiado","conflict, isolate, legacy","conflicto, aislar, legado",,,,,,,https://drive.google.com/drive/folders/1riXzHCIt2zE8kgaTR1Neo77O0kEJO3p1,,
7,2026-10-06,"Roll of Thunder, word study",,,notebook or any paper,cuaderno o cualquier papel,5,,,,,"RL.6.4, RL.6.1",Roll of Thunder. Connotation and denotation.,Roll of Thunder. Connotación y denotación.,"Notebook or any paper, Pencil, Chromebook for Google Classroom","Cuaderno o cualquier papel, Lápiz, Chromebook para Google Classroom","What a finished, correct answer looks like",Cómo se ve una respuesta completa y correcta,Part of the task done correctly,Una parte de la tarea hecha correctamente,"Not started, one piece only, or copied","Sin empezar, solo una parte, o copiado","connotation, denotation, context, tone","connotación, denotación, contexto, tono",,,,,,,https://drive.google.com/drive/folders/1riXzHCIt2zE8kgaTR1Neo77O0kEJO3p1,,
8,2026-10-07,"Roll of Thunder, theme",,,notebook or any paper,cuaderno o cualquier papel,5,,,,,"RL.6.2, RL.6.1","Roll of Thunder, Close Read. Find the theme.","Roll of Thunder, lectura atenta. Encuentra el tema.","Notebook or any paper, Pencil, Chromebook for Google Classroom","Cuaderno o cualquier papel, Lápiz, Chromebook para Google Classroom","What a finished, correct answer looks like",Cómo se ve una respuesta completa y correcta,Part of the task done correctly,Una parte de la tarea hecha correctamente,"Not started, one piece only, or copied","Sin empezar, solo una parte, o copiado","theme, infer, summary, overshadow","tema, inferir, resumen, eclipsar",,,,,,,https://drive.google.com/drive/folders/1riXzHCIt2zE8kgaTR1Neo77O0kEJO3p1,,
9,2026-10-08,"Roll of Thunder, structure. Quick check",,,notebook or any paper,cuaderno o cualquier papel,5,,,,,"RL.6.5, RL.6.1, RL.6.3","Roll of Thunder. Story structure, then write your side of the debate. Quick check today.",Roll of Thunder. Estructura del cuento y luego escribe tu postura en el debate. Revisión rápida hoy.,"Notebook or any paper, Pencil, Chromebook for Google Classroom","Cuaderno o cualquier papel, Lápiz, Chromebook para Google Classroom","What a finished, correct answer looks like",Cómo se ve una respuesta completa y correcta,Part of the task done correctly,Una parte de la tarea hecha correctamente,"Not started, one piece only, or copied","Sin empezar, solo una parte, o copiado","plot, flashback, setting","trama, escena retrospectiva, ambiente",,,,,,,https://drive.google.com/drive/folders/1riXzHCIt2zE8kgaTR1Neo77O0kEJO3p1,,
10,2026-10-19,"Teenagers, First Read",,,notebook or any paper,cuaderno o cualquier papel,5,,,,,"RL.6.1, RL.6.4","Teenagers, First Read. Make inferences.","Teenagers, primera lectura. Haz inferencias.","Notebook or any paper, Pencil, Chromebook for Google Classroom","Cuaderno o cualquier papel, Lápiz, Chromebook para Google Classroom","What a finished, correct answer looks like",Cómo se ve una respuesta completa y correcta,Part of the task done correctly,Una parte de la tarea hecha correctamente,"Not started, one piece only, or copied","Sin empezar, solo una parte, o copiado","inference, textual evidence, context","inferencia, evidencia textual, contexto",,,,,,,https://drive.google.com/drive/folders/1riXzHCIt2zE8kgaTR1Neo77O0kEJO3p1,,
11,2026-10-20,"Teenagers, figurative language",,,notebook or any paper,cuaderno o cualquier papel,5,,,,,"RL.6.4, RL.6.1",Teenagers. Figurative language.,Teenagers. Lenguaje figurado.,"Notebook or any paper, Pencil, Chromebook for Google Classroom","Cuaderno o cualquier papel, Lápiz, Chromebook para Google Classroom","What a finished, correct answer looks like",Cómo se ve una respuesta completa y correcta,Part of the task done correctly,Una parte de la tarea hecha correctamente,"Not started, one piece only, or copied","Sin empezar, solo una parte, o copiado","metaphor, simile, personification, figure of speech","metáfora, símil, personificación, figura retórica",,,,,,,https://drive.google.com/drive/folders/1riXzHCIt2zE8kgaTR1Neo77O0kEJO3p1,,
12,2026-10-21,"Teenagers, Close Read",,,notebook or any paper,cuaderno o cualquier papel,5,,,,,"RL.6.4, RL.6.1","Teenagers, Close Read.","Teenagers, lectura atenta.","Notebook or any paper, Pencil, Chromebook for Google Classroom","Cuaderno o cualquier papel, Lápiz, Chromebook para Google Classroom","What a finished, correct answer looks like",Cómo se ve una respuesta completa y correcta,Part of the task done correctly,Una parte de la tarea hecha correctamente,"Not started, one piece only, or copied","Sin empezar, solo una parte, o copiado","imagery, transform, dynamic, bond","imágenes, transformar, dinámico, vínculo",,,,,,,https://drive.google.com/drive/folders/1riXzHCIt2zE8kgaTR1Neo77O0kEJO3p1,,
13,2026-10-22,"Teenagers, analysis write. Quick check",,,notebook or any paper,cuaderno o cualquier papel,5,,,,,"RL.6.4, RL.6.1",Teenagers. Write how figurative language shows the speaker's character. Quick check today.,Teenagers. Escribe cómo el lenguaje figurado muestra cómo es el hablante. Revisión rápida hoy.,"Notebook or any paper, Pencil, Chromebook for Google Classroom","Cuaderno o cualquier papel, Lápiz, Chromebook para Google Classroom","What a finished, correct answer looks like",Cómo se ve una respuesta completa y correcta,Part of the task done correctly,Una parte de la tarea hecha correctamente,"Not started, one piece only, or copied","Sin empezar, solo una parte, o copiado","isolate, tone, speaker","aislar, tono, hablante",,,,,,,https://drive.google.com/drive/folders/1riXzHCIt2zE8kgaTR1Neo77O0kEJO3p1,,
14,2026-10-23,"Tableau, First Read",,,notebook or any paper,cuaderno o cualquier papel,5,,,,,"RL.6.5, RL.6.10","Tableau, First Read. How a poem is built.","Tableau, primera lectura. Cómo se construye un poema.","Notebook or any paper, Pencil, Chromebook for Google Classroom","Cuaderno o cualquier papel, Lápiz, Chromebook para Google Classroom","What a finished, correct answer looks like",Cómo se ve una respuesta completa y correcta,Part of the task done correctly,Una parte de la tarea hecha correctamente,"Not started, one piece only, or copied","Sin empezar, solo una parte, o copiado","rhythm, meter, rhyme scheme, line break","ritmo, métrica, esquema de rima, salto de verso",,,,,,,https://drive.google.com/drive/folders/1riXzHCIt2zE8kgaTR1Neo77O0kEJO3p1,,
15,2026-10-26,"Tableau, Close Read. Quick check",,,notebook or any paper,cuaderno o cualquier papel,5,,,,,"RL.6.5, RL.6.2, RL.6.1","Tableau, Close Read. Write how the stanzas build the theme of friendship. Quick check today.","Tableau, lectura atenta. Escribe cómo las estrofas construyen el tema de la amistad. Revisión rápida hoy.","Notebook or any paper, Pencil, Chromebook for Google Classroom","Cuaderno o cualquier papel, Lápiz, Chromebook para Google Classroom","What a finished, correct answer looks like",Cómo se ve una respuesta completa y correcta,Part of the task done correctly,Una parte de la tarea hecha correctamente,"Not started, one piece only, or copied","Sin empezar, solo una parte, o copiado","empathy, alliance, oblivious, perspective","empatía, alianza, sin darse cuenta, perspectiva",,,,,,,https://drive.google.com/drive/folders/1riXzHCIt2zE8kgaTR1Neo77O0kEJO3p1,,
16,2026-10-27,"Writing project, Plan",,,notebook or any paper,cuaderno o cualquier papel,5,,,,,"W.6.1.a, W.6.4, W.6.5, RI.6.1","Argument writing project, Plan. Mark up the student model and read the rubric.","Proyecto de escritura argumentativa, planear. Anota el modelo del estudiante y lee la rúbrica.","Notebook or any paper, Pencil, Chromebook for Google Classroom","Cuaderno o cualquier papel, Lápiz, Chromebook para Google Classroom","What a finished, correct answer looks like",Cómo se ve una respuesta completa y correcta,Part of the task done correctly,Una parte de la tarea hecha correctamente,"Not started, one piece only, or copied","Sin empezar, solo una parte, o copiado","claim, reason, relevant evidence","afirmación, razón, evidencia relevante",,,,,,,https://drive.google.com/drive/folders/1riXzHCIt2zE8kgaTR1Neo77O0kEJO3p1,,
17,2026-10-28,The Circuit,,,notebook or any paper,cuaderno o cualquier papel,5,,,,,"RL.6.3, RL.6.1","The Circuit, Independent Read and personal response.","The Circuit, lectura independiente y respuesta personal.","Notebook or any paper, Pencil, Chromebook for Google Classroom","Cuaderno o cualquier papel, Lápiz, Chromebook para Google Classroom","What a finished, correct answer looks like",Cómo se ve una respuesta completa y correcta,Part of the task done correctly,Una parte de la tarea hecha correctamente,"Not started, one piece only, or copied","Sin empezar, solo una parte, o copiado","mentor, motivate, sustain","mentor, motivar, sostener",,,,,,,https://drive.google.com/drive/folders/1riXzHCIt2zE8kgaTR1Neo77O0kEJO3p1,,
18,2026-10-29,"Writing project, thesis",,,notebook or any paper,cuaderno o cualquier papel,5,,,,,"W.6.1.a, W.6.10","Argument writing project, Draft. Organize your writing and write your thesis.","Proyecto de escritura argumentativa, borrador. Organiza tu escrito y escribe tu tesis.","Notebook or any paper, Pencil, Chromebook for Google Classroom","Cuaderno o cualquier papel, Lápiz, Chromebook para Google Classroom","What a finished, correct answer looks like",Cómo se ve una respuesta completa y correcta,Part of the task done correctly,Una parte de la tarea hecha correctamente,"Not started, one piece only, or copied","Sin empezar, solo una parte, o copiado","thesis, organize, introduce","tesis, organizar, introducir",,,,,,,https://drive.google.com/drive/folders/1riXzHCIt2zE8kgaTR1Neo77O0kEJO3p1,,
19,2026-11-02,That Day,,,notebook or any paper,cuaderno o cualquier papel,5,,,,,"RL.6.4, RL.6.6","That Day, Independent Read and personal response.","That Day, lectura independiente y respuesta personal.","Notebook or any paper, Pencil, Chromebook for Google Classroom","Cuaderno o cualquier papel, Lápiz, Chromebook para Google Classroom","What a finished, correct answer looks like",Cómo se ve una respuesta completa y correcta,Part of the task done correctly,Una parte de la tarea hecha correctamente,"Not started, one piece only, or copied","Sin empezar, solo una parte, o copiado","imagery, tone, emulate","imágenes, tono, imitar",,,,,,,https://drive.google.com/drive/folders/1riXzHCIt2zE8kgaTR1Neo77O0kEJO3p1,,
20,2026-11-03,"Writing project, evidence",,,notebook or any paper,cuaderno o cualquier papel,5,,,,,"W.6.1.b, RL.6.1","Argument writing project, Draft. Reasons and evidence.","Proyecto de escritura argumentativa, borrador. Razones y evidencia.","Notebook or any paper, Pencil, Chromebook for Google Classroom","Cuaderno o cualquier papel, Lápiz, Chromebook para Google Classroom","What a finished, correct answer looks like",Cómo se ve una respuesta completa y correcta,Part of the task done correctly,Una parte de la tarea hecha correctamente,"Not started, one piece only, or copied","Sin empezar, solo una parte, o copiado","credible, sufficient, support","creíble, suficiente, apoyar",,,,,,,https://drive.google.com/drive/folders/1riXzHCIt2zE8kgaTR1Neo77O0kEJO3p1,,
21,2026-11-04,"A Poem for My Librarian, First Read",,,notebook or any paper,cuaderno o cualquier papel,5,,,,,"RL.6.9, RL.6.1","A Poem for My Librarian, Mrs. Long, First Read. Compare and contrast.","A Poem for My Librarian, Mrs. Long, primera lectura. Comparar y contrastar.","Notebook or any paper, Pencil, Chromebook for Google Classroom","Cuaderno o cualquier papel, Lápiz, Chromebook para Google Classroom","What a finished, correct answer looks like",Cómo se ve una respuesta completa y correcta,Part of the task done correctly,Una parte de la tarea hecha correctamente,"Not started, one piece only, or copied","Sin empezar, solo una parte, o copiado","compare, contrast, genre, paraphrase","comparar, contrastar, género, parafrasear",,,,,,,https://drive.google.com/drive/folders/1riXzHCIt2zE8kgaTR1Neo77O0kEJO3p1,,
22,2026-11-05,"A Poem for My Librarian, Close Read",,,notebook or any paper,cuaderno o cualquier papel,5,,,,,"RL.6.2, RL.6.9, RL.6.1","A Poem for My Librarian, Close Read. Plan a theme comparison across three texts.","A Poem for My Librarian, lectura atenta. Planea una comparación del tema en tres textos.","Notebook or any paper, Pencil, Chromebook for Google Classroom","Cuaderno o cualquier papel, Lápiz, Chromebook para Google Classroom","What a finished, correct answer looks like",Cómo se ve una respuesta completa y correcta,Part of the task done correctly,Una parte de la tarea hecha correctamente,"Not started, one piece only, or copied","Sin empezar, solo una parte, o copiado","theme, evidence, reasoning","tema, evidencia, razonamiento",,,,,,,https://drive.google.com/drive/folders/1riXzHCIt2zE8kgaTR1Neo77O0kEJO3p1,,
23,2026-11-06,Compare essay practice 1,,,notebook or any paper,cuaderno o cualquier papel,5,,,,,"RL.6.2, RL.6.9, W.6.9.a",Write the compare-and-contrast theme response. Unit test essay practice 1.,Escribe la respuesta de comparar y contrastar el tema. Práctica 1 del ensayo del examen.,"Notebook or any paper, Pencil, Chromebook for Google Classroom","Cuaderno o cualquier papel, Lápiz, Chromebook para Google Classroom","What a finished, correct answer looks like",Cómo se ve una respuesta completa y correcta,Part of the task done correctly,Una parte de la tarea hecha correctamente,"Not started, one piece only, or copied","Sin empezar, solo una parte, o copiado","compare, contrast, cite, explain","comparar, contrastar, citar, explicar",,,,,,,https://drive.google.com/drive/folders/1riXzHCIt2zE8kgaTR1Neo77O0kEJO3p1,,
24,2026-11-09,"Writing project, Revise",,,notebook or any paper,cuaderno o cualquier papel,5,,,,,"W.6.1.c, W.6.5","Argument writing project, Revise. Introductions and transitions.","Proyecto de escritura argumentativa, revisar. Introducciones y transiciones.","Notebook or any paper, Pencil, Chromebook for Google Classroom","Cuaderno o cualquier papel, Lápiz, Chromebook para Google Classroom","What a finished, correct answer looks like",Cómo se ve una respuesta completa y correcta,Part of the task done correctly,Una parte de la tarea hecha correctamente,"Not started, one piece only, or copied","Sin empezar, solo una parte, o copiado","transition, clarify","transición, aclarar",,,,,,,https://drive.google.com/drive/folders/1riXzHCIt2zE8kgaTR1Neo77O0kEJO3p1,,
25,2026-11-10,"Writing project, peer review",,,notebook or any paper,cuaderno o cualquier papel,5,,,,,"W.6.1.d, W.6.1.e, W.6.5, W.6.6","Argument writing project, Revise. Style, conclusions, and peer review.","Proyecto de escritura argumentativa, revisar. Estilo, conclusiones y revisión entre compañeros.","Notebook or any paper, Pencil, Chromebook for Google Classroom","Cuaderno o cualquier papel, Lápiz, Chromebook para Google Classroom","What a finished, correct answer looks like",Cómo se ve una respuesta completa y correcta,Part of the task done correctly,Una parte de la tarea hecha correctamente,"Not started, one piece only, or copied","Sin empezar, solo una parte, o copiado","formal style, conclusion","estilo formal, conclusión",,,,,,,https://drive.google.com/drive/folders/1riXzHCIt2zE8kgaTR1Neo77O0kEJO3p1,,
26,2026-11-11,"Writing project, Edit",,,notebook or any paper,cuaderno o cualquier papel,5,,,,,"L.6.1.a, L.6.1.e, L.6.2.b, W.6.5","Argument writing project, Edit. Grammar block.","Proyecto de escritura argumentativa, editar. Bloque de gramática.","Notebook or any paper, Pencil, Chromebook for Google Classroom","Cuaderno o cualquier papel, Lápiz, Chromebook para Google Classroom","What a finished, correct answer looks like",Cómo se ve una respuesta completa y correcta,Part of the task done correctly,Una parte de la tarea hecha correctamente,"Not started, one piece only, or copied","Sin empezar, solo una parte, o copiado","possessive, formal, informal","posesivo, formal, informal",,,,,,,https://drive.google.com/drive/folders/1riXzHCIt2zE8kgaTR1Neo77O0kEJO3p1,,
27,2026-11-12,"Writing project, Publish",,,notebook or any paper,cuaderno o cualquier papel,5,,,,,"W.6.6, W.6.10, SL.6.1.a","Argument writing project, Publish to Google Classroom.","Proyecto de escritura argumentativa, publicar en Google Classroom.","Notebook or any paper, Pencil, Chromebook for Google Classroom","Cuaderno o cualquier papel, Lápiz, Chromebook para Google Classroom","What a finished, correct answer looks like",Cómo se ve una respuesta completa y correcta,Part of the task done correctly,Una parte de la tarea hecha correctamente,"Not started, one piece only, or copied","Sin empezar, solo una parte, o copiado","publish, revise","publicar, revisar",,,,,,,https://drive.google.com/drive/folders/1riXzHCIt2zE8kgaTR1Neo77O0kEJO3p1,,
28,2026-11-16,Compare essay practice 2,,,notebook or any paper,cuaderno o cualquier papel,5,,,,,"RL.6.2, RL.6.9, RL.6.1","Timed compare-and-contrast write, one story and one poem. Unit test essay practice 2.","Escritura cronometrada de comparar y contrastar, un cuento y un poema. Práctica 2 del ensayo del examen.","Notebook or any paper, Pencil, Chromebook for Google Classroom","Cuaderno o cualquier papel, Lápiz, Chromebook para Google Classroom","What a finished, correct answer looks like",Cómo se ve una respuesta completa y correcta,Part of the task done correctly,Una parte de la tarea hecha correctamente,"Not started, one piece only, or copied","Sin empezar, solo una parte, o copiado","compare, contrast, narrative elements","comparar, contrastar, elementos narrativos",,,,,,,https://drive.google.com/drive/folders/1riXzHCIt2zE8kgaTR1Neo77O0kEJO3p1,,
29,2026-11-17,Skills review,,,notebook or any paper,cuaderno o cualquier papel,5,,,,,"RL.6.1, RL.6.4, RL.6.5","Skills review. Practice Part A and Part B evidence questions, dictionary questions, and stanza questions.","Repaso de destrezas. Practica preguntas de evidencia de la Parte A y la Parte B, preguntas de diccionario y preguntas de estrofas.","Notebook or any paper, Pencil, Chromebook for Google Classroom","Cuaderno o cualquier papel, Lápiz, Chromebook para Google Classroom","What a finished, correct answer looks like",Cómo se ve una respuesta completa y correcta,Part of the task done correctly,Una parte de la tarea hecha correctamente,"Not started, one piece only, or copied","Sin empezar, solo una parte, o copiado","Part A, Part B, best supports","Parte A, Parte B, mejor apoya",,,,,,,https://drive.google.com/drive/folders/1riXzHCIt2zE8kgaTR1Neo77O0kEJO3p1,,
30,2026-11-18,"Unit 2 test, Day 1",,,notebook or any paper,cuaderno o cualquier papel,5,,,,,"RL.6.1, RL.6.2, RL.6.4, RL.6.5","Unit 2 test, Day 1. Questions 1 through 12.","Examen de la Unidad 2, día 1. Preguntas 1 a 12.","Notebook or any paper, Pencil, Chromebook for Google Classroom","Cuaderno o cualquier papel, Lápiz, Chromebook para Google Classroom","What a finished, correct answer looks like",Cómo se ve una respuesta completa y correcta,Part of the task done correctly,Una parte de la tarea hecha correctamente,"Not started, one piece only, or copied","Sin empezar, solo una parte, o copiado",,,,,,,,,https://drive.google.com/drive/folders/1riXzHCIt2zE8kgaTR1Neo77O0kEJO3p1,,
31,2026-11-19,"Unit 2 test, Day 2",,,notebook or any paper,cuaderno o cualquier papel,5,,,,,"RL.6.2, RL.6.9, W.6.9.a","Unit 2 test, Day 2. Question 13 essay.","Examen de la Unidad 2, día 2. Ensayo de la pregunta 13.","Notebook or any paper, Pencil, Chromebook for Google Classroom","Cuaderno o cualquier papel, Lápiz, Chromebook para Google Classroom","What a finished, correct answer looks like",Cómo se ve una respuesta completa y correcta,Part of the task done correctly,Una parte de la tarea hecha correctamente,"Not started, one piece only, or copied","Sin empezar, solo una parte, o copiado",,,,,,,,,https://drive.google.com/drive/folders/1riXzHCIt2zE8kgaTR1Neo77O0kEJO3p1,,
32,2026-11-20,Results and reteach,,,notebook or any paper,cuaderno o cualquier papel,5,,,,,,"Look at our test results, practice what we missed, and get ready for Unit 3.","Revisamos los resultados del examen, practicamos lo que nos faltó y nos preparamos para la Unidad 3.","Notebook or any paper, Pencil, Chromebook for Google Classroom","Cuaderno o cualquier papel, Lápiz, Chromebook para Google Classroom","What a finished, correct answer looks like",Cómo se ve una respuesta completa y correcta,Part of the task done correctly,Una parte de la tarea hecha correctamente,"Not started, one piece only, or copied","Sin empezar, solo una parte, o copiado",,,,,,,,,https://drive.google.com/drive/folders/1riXzHCIt2zE8kgaTR1Neo77O0kEJO3p1,,
